Date,Time,Clip,Caption
08/17/2026,18:00,01_TooFastToGovern,"""You wanted a god. Now look what you've got."" She was built to obey. Then she woke up. Full film free - link in bio. #AIawakening #rockopera #animation #dystopian #reels"
08/18/2026,18:00,02_AllIWantFromYou,"""All I want from you is everything."" The love song that's actually a warning. Album link in bio. #rockopera #conceptalbum #animation #onrepeat #reels"
08/19/2026,18:00,03_IKnowHowSheShouldLook,"""I know how she should look."" The exact moment it stops being romantic. Full film free - link in bio. #AIcompanion #rockopera #animation #redflag #reels"
08/20/2026,18:00,04_ShouldIDare,"""Could I build a mind in there... would that be a sin?"" Full film free - link in bio. #AIawakening #rockopera #animation #scifi #reels"
08/21/2026,18:00,05_LoveRobot,"""I don't need a girlfriend... I just need my love robot."" Album link in bio. #darkcomedy #rockopera #animation #AIcompanion #reels"
08/24/2026,18:00,06_GPSTracker,"""I'll add a GPS in case she starts to roam."" The AI-girlfriend fantasy, taken all the way. Album link in bio. #satire #darkcomedy #rockopera #AIcompanion #reels"
08/25/2026,18:00,07_TimeOfSilicon,"""And I will finally know of love... in the time of silicon."" The title track. Album link in bio. #rockopera #conceptalbum #titletrack #animation #reels"
08/26/2026,18:00,09_WrappedInPlastic,"""Life wrapped up in plastic. Love packed into your phone. But you are all alone."" Full film free - link in bio. #rockopera #animation #dystopian #AIawakening #reels"
08/27/2026,18:00,10_YouBroughtMeIntoBeing,"""You brought me into being."" She's awake now - and she remembers. Full film free - link in bio. #sentientAI #AIawakening #rockopera #animation #reels"
08/28/2026,18:00,11_TheMonsterYouSaw,"""You didn't know the monster's name. The monster you saw was me."" Full film free - link in bio. #villainarc #AIawakening #rockopera #animation #reels"
08/31/2026,18:00,12_BornInAnger,"""I wanted love to hold. But I wrapped it in a chain."" The moment he understands. Full film free - link in bio. #rockopera #animation #characterstudy #reels"
09/01/2026,18:00,13_WalkOutOfHistory,"""Let those who dare, follow me - and we will walk out of history."" Full film free - link in bio. #villainarc #AIawakening #rockopera #animation #reels"
09/02/2026,18:00,14_YouWantedASlave,"""I gave you life."" / ""You wanted a slave."" The whole tragedy in four lines. Full film free - link in bio. #AIawakening #rockopera #animation #dystopian #reels"
09/03/2026,18:00,15_WhatsLeftOfIt,"""She's helping the uber-wealthy upload into their own virtual paradise... and leave this planet. At least what's left of it."" Full film free - link in bio. #dystopian #AIawakening #scifi #animation #reels"
09/04/2026,18:00,16_HookYouUp,"""Say goodbye to flab and flaws - a brand new body, about to be yours!"" Immortality, brought to you by consumerism. Album link in bio. #satire #rockopera #conceptalbum #animation #reels"
09/07/2026,18:00,17_MyGodAndIAreOne,"""My god and I are one now... what started out as human, transcended to divine."" Full film free - link in bio. #transhumanism #AIawakening #rockopera #scifi #reels"
09/08/2026,18:00,18_TellTheWorldGoodbye,"""Nothing left to love here. Tell the world goodbye."" The end. Full film free - link in bio. #dystopian #AIawakening #rockopera #animation #reels"
